level_0,index,SchoolID,Public_Elem,Public_Midl,Public_High,PriCha_Elem,PriCha_Midl,PriCha_High
0,0,132,535,0,0,0,0,0
1,1,133,416,0,0,0,0,0
2,2,134,531,0,0,0,0,0
3,3,135,509,0,0,0,0,0
4,4,136,876,0,0,0,0,0
5,5,137,662,0,0,0,0,0
6,6,138,106,0,0,0,0,0
7,7,139,594,0,0,0,0,0
8,8,140,634,0,0,0,0,0
9,9,141,701,0,0,0,0,0
10,10,142,546,0,0,0,0,0
11,11,144,658,0,0,0,0,0
12,12,145,681,0,0,0,0,0
13,13,146,584,0,0,0,0,0
14,14,148,766,0,0,0,0,0
15,15,149,476,0,0,0,0,0
16,16,152,589,0,0,0,0,0
17,17,153,574,0,0,0,0,0
18,18,154,393,0,0,0,0,0
19,19,155,538,0,0,0,0,0
20,20,156,618,0,0,0,0,0
21,21,158,540,0,0,0,0,0
22,22,159,480,0,0,0,0,0
23,23,160,604,0,0,0,0,0
24,24,162,732,0,0,0,0,0
25,25,165,713,0,0,0,0,0
26,26,166,496,0,0,0,0,0
27,27,167,549,0,0,0,0,0
28,28,168,0,1840,0,0,0,0
29,29,169,0,1075,0,0,0,0
30,30,170,0,1348,0,0,0,0
31,31,171,0,1382,0,0,0,0
32,32,172,0,963,0,0,0,0
33,33,173,0,1303,0,0,0,0
34,34,174,0,975,0,0,0,0
35,35,175,0,1183,0,0,0,0
36,36,177,27,28,184,0,0,0
37,37,180,0,0,2387,0,0,0
38,38,181,0,0,2299,0,0,0
39,39,182,0,0,2562,0,0,0
40,40,183,0,0,1654,0,0,0
41,41,184,0,0,1285,0,0,0
42,42,185,0,0,1957,0,0,0
43,43,186,0,0,1572,0,0,0
44,44,188,0,19,56,0,0,0
45,45,199,451,0,0,0,0,0
46,46,200,211,0,0,0,0,0
47,47,201,164,0,0,0,0,0
48,48,202,0,225,221,0,0,0
49,49,203,0,95,111,0,0,0
50,50,209,440,0,0,0,0,0
51,51,214,448,0,0,0,0,0
52,52,215,539,0,0,0,0,0
53,53,217,658,0,0,0,0,0
54,54,218,6,0,0,0,0,0
55,55,221,573,0,0,0,0,0
56,56,225,645,0,0,0,0,0
57,57,226,18,10,0,0,0,0
58,58,227,530,0,0,0,0,0
59,59,228,28,0,0,0,0,0
60,60,229,215,0,0,0,0,0
61,61,233,0,848,0,0,0,0
62,62,234,0,1127,0,0,0,0
63,63,235,0,0,1197,0,0,0
64,64,236,0,0,1639,0,0,0
65,65,240,0,0,161,0,0,0
66,66,248,474,0,0,0,0,0
67,67,249,486,0,0,0,0,0
68,68,250,466,0,0,0,0,0
69,69,251,463,0,0,0,0,0
70,70,252,460,0,0,0,0,0
71,71,253,404,0,0,0,0,0
72,72,254,719,0,0,0,0,0
73,73,255,585,0,0,0,0,0
74,74,257,677,0,0,0,0,0
75,75,258,713,0,0,0,0,0
76,76,259,464,0,0,0,0,0
77,77,262,0,869,0,0,0,0
78,78,265,0,1198,0,0,0,0
79,79,267,0,1146,0,0,0,0
80,80,270,0,0,1549,0,0,0
81,81,271,0,0,1597,0,0,0
82,82,281,374,0,0,0,0,0
83,83,282,363,0,0,0,0,0
84,84,284,261,0,0,0,0,0
85,85,288,233,0,0,0,0,0
86,86,289,0,199,0,0,0,0
87,87,290,0,616,0,0,0,0
88,88,293,0,0,1002,0,0,0
89,89,297,31,3,19,0,0,0
90,90,302,14,0,0,0,0,0
91,91,304,59,0,0,0,0,0
92,92,306,0,43,45,0,0,0
93,93,310,644,0,0,0,0,0
94,94,311,349,0,0,0,0,0
95,95,312,602,0,0,0,0,0
96,96,313,465,0,0,0,0,0
97,97,314,473,0,0,0,0,0
98,98,315,599,0,0,0,0,0
99,99,316,386,0,0,0,0,0
100,100,317,465,0,0,0,0,0
101,101,318,638,0,0,0,0,0
102,102,319,291,0,0,0,0,0
103,103,320,341,0,0,0,0,0
104,104,321,507,0,0,0,0,0
105,105,322,442,0,0,0,0,0
106,106,323,555,0,0,0,0,0
107,107,324,444,0,0,0,0,0
108,108,326,431,0,0,0,0,0
109,109,327,447,0,0,0,0,0
110,110,328,427,0,0,0,0,0
111,111,329,332,0,0,0,0,0
112,112,330,614,0,0,0,0,0
113,113,331,483,0,0,0,0,0
114,114,332,587,0,0,0,0,0
115,115,333,596,0,0,0,0,0
116,116,334,606,0,0,0,0,0
117,117,335,520,0,0,0,0,0
118,118,336,312,0,0,0,0,0
119,119,337,509,0,0,0,0,0
120,120,338,578,0,0,0,0,0
121,121,339,454,0,0,0,0,0
122,122,340,484,0,0,0,0,0
123,123,341,414,0,0,0,0,0
124,124,342,457,0,0,0,0,0
125,125,343,695,0,0,0,0,0
126,126,344,690,0,0,0,0,0
127,127,345,741,0,0,0,0,0
128,128,346,522,0,0,0,0,0
129,129,347,354,0,0,0,0,0
130,130,348,862,0,0,0,0,0
131,131,349,338,0,0,0,0,0
132,132,350,430,0,0,0,0,0
133,133,352,642,0,0,0,0,0
134,134,353,594,0,0,0,0,0
135,135,354,603,0,0,0,0,0
136,136,355,361,0,0,0,0,0
137,137,356,325,0,0,0,0,0
138,138,357,425,0,0,0,0,0
139,139,359,0,972,0,0,0,0
140,140,360,0,630,0,0,0,0
141,141,361,0,971,0,0,0,0
142,142,362,0,879,0,0,0,0
143,143,363,0,1266,0,0,0,0
144,144,364,0,858,0,0,0,0
145,145,365,0,674,0,0,0,0
146,146,366,0,941,0,0,0,0
147,147,367,0,1092,0,0,0,0
148,148,368,0,960,0,0,0,0
149,149,369,0,954,0,0,0,0
150,150,370,0,927,0,0,0,0
151,151,371,0,1218,0,0,0,0
152,152,389,0,0,267,0,0,0
153,153,390,0,0,1545,0,0,0
154,154,391,0,0,2040,0,0,0
155,155,392,0,0,2233,0,0,0
156,156,393,0,0,2229,0,0,0
157,157,394,0,0,1991,0,0,0
158,158,395,0,0,1568,0,0,0
159,159,396,0,0,1555,0,0,0
160,160,400,0,0,255,0,0,0
161,161,403,0,10,17,0,0,0
162,162,424,317,0,0,0,0,0
163,163,425,386,0,0,0,0,0
164,164,426,326,0,0,0,0,0
165,165,427,120,0,0,0,0,0
166,166,428,137,0,0,0,0,0
167,167,430,109,0,0,0,0,0
168,168,432,479,0,0,0,0,0
169,169,433,0,793,0,0,0,0
170,170,434,0,142,131,0,0,0
171,171,435,0,199,212,0,0,0
172,172,436,0,37,38,0,0,0
173,173,437,0,0,1173,0,0,0
174,174,440,17,4,7,0,0,0
175,175,445,127,0,0,0,0,0
176,176,446,148,0,0,0,0,0
177,177,447,175,0,0,0,0,0
178,178,448,107,0,0,0,0,0
179,179,449,198,0,0,0,0,0
180,180,450,93,0,0,0,0,0
181,181,451,0,215,0,0,0,0
182,182,452,0,221,0,0,0,0
183,183,453,0,44,41,0,0,0
184,184,454,0,0,617,0,0,0
185,185,458,1,0,0,0,0,0
186,186,459,7,0,0,0,0,0
187,187,460,131,0,0,0,0,0
188,188,461,88,0,0,0,0,0
189,189,462,215,0,0,0,0,0
190,190,463,0,56,0,0,0,0
191,191,464,0,65,77,0,0,0
192,192,465,0,36,30,0,0,0
193,193,466,0,0,148,0,0,0
194,194,472,0,220,0,0,0,0
195,195,473,0,0,469,0,0,0
196,196,486,323,0,0,0,0,0
197,197,487,399,0,0,0,0,0
198,198,488,315,0,0,0,0,0
199,199,489,298,0,0,0,0,0
200,200,490,408,0,0,0,0,0
201,201,491,454,0,0,0,0,0
202,202,494,403,0,0,0,0,0
203,203,495,340,0,0,0,0,0
204,204,496,467,0,0,0,0,0
205,205,497,385,0,0,0,0,0
206,206,499,271,0,0,0,0,0
207,207,500,304,0,0,0,0,0
208,208,501,553,0,0,0,0,0
209,209,502,673,0,0,0,0,0
210,210,503,437,0,0,0,0,0
211,211,505,511,0,0,0,0,0
212,212,506,429,0,0,0,0,0
213,213,508,437,0,0,0,0,0
214,214,509,326,0,0,0,0,0
215,215,510,505,0,0,0,0,0
216,216,511,410,0,0,0,0,0
217,217,512,354,0,0,0,0,0
218,218,514,420,0,0,0,0,0
219,219,516,516,0,0,0,0,0
220,220,519,476,0,0,0,0,0
221,221,520,566,0,0,0,0,0
222,222,521,279,0,0,0,0,0
223,223,522,542,0,0,0,0,0
224,224,524,411,0,0,0,0,0
225,225,525,399,0,0,0,0,0
226,226,526,409,0,0,0,0,0
227,227,527,499,0,0,0,0,0
228,228,528,448,0,0,0,0,0
229,229,529,468,0,0,0,0,0
230,230,530,418,0,0,0,0,0
231,231,531,674,0,0,0,0,0
232,232,533,300,0,0,0,0,0
233,233,534,272,0,0,0,0,0
234,234,535,495,0,0,0,0,0
235,235,536,444,0,0,0,0,0
236,236,537,480,0,0,0,0,0
237,237,538,542,0,0,0,0,0
238,238,539,364,0,0,0,0,0
239,239,542,509,0,0,0,0,0
240,240,544,455,0,0,0,0,0
241,241,545,507,0,0,0,0,0
242,242,547,435,0,0,0,0,0
243,243,548,615,0,0,0,0,0
244,244,549,372,0,0,0,0,0
245,245,550,584,0,0,0,0,0
246,246,552,0,1023,0,0,0,0
247,247,553,0,637,0,0,0,0
248,248,556,0,521,0,0,0,0
249,249,557,0,1039,0,0,0,0
250,250,558,0,613,0,0,0,0
251,251,559,0,800,0,0,0,0
252,252,560,0,668,0,0,0,0
253,253,561,0,917,0,0,0,0
254,254,562,0,731,0,0,0,0
255,255,563,0,774,0,0,0,0
256,256,564,0,807,0,0,0,0
257,257,565,0,548,0,0,0,0
258,258,566,0,830,0,0,0,0
259,259,567,0,725,0,0,0,0
260,260,598,0,0,1453,0,0,0
261,261,599,0,0,2770,0,0,0
262,262,600,0,0,3267,0,0,0
263,263,601,0,0,2490,0,0,0
264,264,603,0,0,2321,0,0,0
265,265,604,0,0,2156,0,0,0
266,266,605,0,0,2176,0,0,0
267,267,606,0,0,2699,0,0,0
268,268,608,18,80,448,0,0,0
269,269,616,48,28,0,0,0,0
270,270,637,598,0,0,0,0,0
271,271,638,578,0,0,0,0,0
272,272,639,547,0,0,0,0,0
273,273,640,111,0,0,0,0,0
274,274,641,516,0,0,0,0,0
275,275,642,516,0,0,0,0,0
276,276,643,418,0,0,0,0,0
277,277,645,0,1142,0,0,0,0
278,278,649,0,0,1373,0,0,0
279,279,650,0,182,168,0,0,0
280,280,651,0,0,1023,0,0,0
281,281,652,2346,1053,883,0,0,0
282,282,660,560,0,0,0,0,0
283,283,661,556,0,0,0,0,0
284,284,663,219,0,0,0,0,0
285,285,664,359,0,0,0,0,0
286,286,665,600,0,0,0,0,0
287,287,666,736,0,0,0,0,0
288,288,667,471,0,0,0,0,0
289,289,668,599,0,0,0,0,0
290,290,669,308,0,0,0,0,0
291,291,671,468,0,0,0,0,0
292,292,672,680,0,0,0,0,0
293,293,673,479,0,0,0,0,0
294,294,674,364,0,0,0,0,0
295,295,676,580,0,0,0,0,0
296,296,677,303,0,0,0,0,0
297,297,678,403,0,0,0,0,0
298,298,679,637,0,0,0,0,0
299,299,680,631,0,0,0,0,0
300,300,681,516,0,0,0,0,0
301,301,682,320,0,0,0,0,0
302,302,683,630,0,0,0,0,0
303,303,684,488,0,0,0,0,0
304,304,685,606,0,0,0,0,0
305,305,686,596,0,0,0,0,0
306,306,687,783,0,0,0,0,0
307,307,688,525,0,0,0,0,0
308,308,690,340,0,0,0,0,0
309,309,691,560,0,0,0,0,0
310,310,692,492,0,0,0,0,0
311,311,693,657,0,0,0,0,0
312,312,694,591,0,0,0,0,0
313,313,695,366,0,0,0,0,0
314,314,696,325,0,0,0,0,0
315,315,697,490,0,0,0,0,0
316,316,698,573,0,0,0,0,0
317,317,699,553,0,0,0,0,0
318,318,700,647,0,0,0,0,0
319,319,701,863,0,0,0,0,0
320,320,702,592,0,0,0,0,0
321,321,703,474,0,0,0,0,0
322,322,704,649,0,0,0,0,0
323,323,705,343,0,0,0,0,0
324,324,706,701,0,0,0,0,0
325,325,708,462,0,0,0,0,0
326,326,709,596,0,0,0,0,0
327,327,710,303,0,0,0,0,0
328,328,712,0,943,0,0,0,0
329,329,713,0,914,0,0,0,0
330,330,714,0,516,0,0,0,0
331,331,715,0,805,0,0,0,0
332,332,716,0,1075,0,0,0,0
333,333,717,0,765,0,0,0,0
334,334,718,0,1414,0,0,0,0
335,335,720,0,1263,0,0,0,0
336,336,721,0,913,0,0,0,0
337,337,722,0,1189,0,0,0,0
338,338,723,0,1001,0,0,0,0
339,339,724,0,1152,0,0,0,0
340,340,725,0,1170,0,0,0,0
341,341,726,0,1182,0,0,0,0
342,342,733,0,0,2276,0,0,0
343,343,734,0,0,2845,0,0,0
344,344,735,0,0,2460,0,0,0
345,345,736,0,0,2437,0,0,0
346,346,737,0,0,2425,0,0,0
347,347,738,0,0,1820,0,0,0
348,348,739,0,0,2302,0,0,0
349,349,741,0,0,349,0,0,0
350,350,742,0,0,1760,0,0,0
351,351,743,0,0,11,0,0,0
352,352,745,0,0,165,0,0,0
353,353,746,30,22,27,0,0,0
354,354,747,0,13,0,0,0,0
355,355,767,280,0,0,0,0,0
356,356,768,546,0,0,0,0,0
357,357,769,0,629,0,0,0,0
358,358,770,0,0,896,0,0,0
359,359,774,40,9,24,0,0,0
360,360,775,523,0,0,0,0,0
361,361,776,162,0,0,0,0,0
362,362,777,0,4,1,0,0,0
363,363,778,0,159,0,0,0,0
364,364,779,0,0,319,0,0,0
365,365,780,0,78,77,0,0,0
366,366,786,430,0,0,0,0,0
367,367,787,14,0,0,0,0,0
368,368,789,0,347,0,0,0,0
369,369,790,0,0,594,0,0,0
370,370,791,0,0,385,0,0,0
371,371,797,556,0,0,0,0,0
372,372,798,0,493,0,0,0,0
373,373,799,0,0,1140,0,0,0
374,374,802,415,0,0,0,0,0
375,375,803,478,0,0,0,0,0
376,376,804,454,0,0,0,0,0
377,377,805,360,0,0,0,0,0
378,378,806,425,0,0,0,0,0
379,379,807,304,0,0,0,0,0
380,380,809,384,0,0,0,0,0
381,381,810,590,0,0,0,0,0
382,382,811,591,0,0,0,0,0
383,383,812,436,0,0,0,0,0
384,384,813,331,0,0,0,0,0
385,385,814,723,0,0,0,0,0
386,386,815,415,0,0,0,0,0
387,387,816,507,0,0,0,0,0
388,388,817,576,0,0,0,0,0
389,389,818,394,0,0,0,0,0
390,390,819,612,0,0,0,0,0
391,391,820,313,0,0,0,0,0
392,392,824,0,1144,0,0,0,0
393,393,825,0,1073,0,0,0,0
394,394,826,0,1086,0,0,0,0
395,395,827,0,0,1647,0,0,0
396,396,828,0,7,1634,0,0,0
397,397,829,0,0,1664,0,0,0
398,398,832,0,0,309,0,0,0
399,399,840,235,0,0,0,0,0
400,400,841,142,0,0,0,0,0
401,401,842,436,0,0,0,0,0
402,402,843,314,0,0,0,0,0
403,403,844,142,0,0,0,0,0
404,404,845,0,355,0,0,0,0
405,405,846,0,0,780,0,0,0
406,406,852,348,0,0,0,0,0
407,407,853,0,323,0,0,0,0
408,408,854,0,0,370,0,0,0
409,409,858,400,0,0,0,0,0
410,410,859,383,0,0,0,0,0
411,411,860,392,0,0,0,0,0
412,412,861,0,741,0,0,0,0
413,413,862,0,666,0,0,0,0
414,414,863,0,0,1175,0,0,0
415,415,867,105,0,0,0,0,0
416,416,868,24,0,0,0,0,0
417,417,869,0,69,72,0,0,0
418,418,873,120,0,0,0,0,0
419,419,874,105,0,0,0,0,0
420,420,875,0,112,0,0,0,0
421,421,878,0,0,162,0,0,0
422,422,882,471,0,0,0,0,0
423,423,883,74,0,0,0,0,0
424,424,885,6,0,0,0,0,0
425,425,886,224,0,0,0,0,0
426,426,887,253,0,0,0,0,0
427,427,888,262,0,0,0,0,0
428,428,889,0,330,0,0,0,0
429,429,892,0,116,94,0,0,0
430,430,893,0,88,100,0,0,0
431,431,894,0,0,425,0,0,0
432,432,895,0,158,145,0,0,0
433,433,896,0,0,22,0,0,0
434,434,902,466,0,0,0,0,0
435,435,903,27,0,0,0,0,0
436,436,904,537,0,0,0,0,0
437,437,905,520,0,0,0,0,0
438,438,907,435,0,0,0,0,0
439,439,908,0,196,0,0,0,0
440,440,909,0,288,0,0,0,0
441,441,910,0,503,0,0,0,0
442,442,912,0,0,269,0,0,0
443,443,913,0,0,743,0,0,0
444,444,914,0,0,394,0,0,0
445,445,915,0,0,54,0,0,0
446,446,924,502,0,0,0,0,0
447,447,925,538,0,0,0,0,0
448,448,926,360,0,0,0,0,0
449,449,927,0,497,0,0,0,0
450,450,928,0,0,318,0,0,0
451,451,929,0,0,694,0,0,0
452,452,933,450,0,0,0,0,0
453,453,935,0,476,0,0,0,0
454,454,937,0,0,488,0,0,0
455,455,942,93,0,0,0,0,0
456,456,943,0,9,0,0,0,0
457,457,945,0,70,72,0,0,0
458,458,951,639,0,0,0,0,0
459,459,953,18,0,0,0,0,0
460,460,954,647,0,0,0,0,0
461,461,956,609,0,0,0,0,0
462,462,957,20,0,0,0,0,0
463,463,958,176,0,0,0,0,0
464,464,959,230,0,0,0,0,0
465,465,960,0,552,0,0,0,0
466,466,962,0,771,0,0,0,0
467,467,964,0,0,1104,0,0,0
468,468,965,0,0,1910,0,0,0
469,469,966,0,83,88,0,0,0
470,470,967,0,0,129,0,0,0
471,471,974,442,0,0,0,0,0
472,472,976,442,0,0,0,0,0
473,473,977,656,0,0,0,0,0
474,474,978,147,0,0,0,0,0
475,475,979,473,0,0,0,0,0
476,476,980,456,0,0,0,0,0
477,477,983,0,844,0,0,0,0
478,478,985,0,579,0,0,0,0
479,479,988,0,0,1845,0,0,0
480,480,995,496,0,0,0,0,0
481,481,996,596,0,0,0,0,0
482,482,997,574,0,0,0,0,0
483,483,1000,0,0,2619,0,0,0
484,484,1004,553,0,0,0,0,0
485,485,1005,439,0,0,0,0,0
486,486,1006,428,0,0,0,0,0
487,487,1007,448,0,0,0,0,0
488,488,1008,386,0,0,0,0,0
489,489,1010,612,0,0,0,0,0
490,490,1011,417,0,0,0,0,0
491,491,1012,562,0,0,0,0,0
492,492,1014,476,0,0,0,0,0
493,493,1015,420,0,0,0,0,0
494,494,1016,447,0,0,0,0,0
495,495,1017,450,0,0,0,0,0
496,496,1018,35,0,0,0,0,0
497,497,1019,455,0,0,0,0,0
498,498,1020,533,0,0,0,0,0
499,499,1021,441,0,0,0,0,0
500,500,1023,0,844,0,0,0,0
501,501,1024,0,785,0,0,0,0
502,502,1025,0,0,1188,0,0,0
503,503,1027,0,703,0,0,0,0
504,504,1028,0,799,0,0,0,0
505,505,1032,0,0,1266,0,0,0
506,506,1033,0,271,266,0,0,0
507,507,1035,0,0,118,0,0,0
508,508,1036,0,0,1124,0,0,0
509,509,1037,0,0,1327,0,0,0
510,510,1044,17,0,0,0,0,0
511,511,1045,212,0,0,0,0,0
512,512,1047,0,105,86,0,0,0
513,513,1054,690,0,0,0,0,0
514,514,1057,526,0,0,0,0,0
515,515,1058,380,0,0,0,0,0
516,516,1059,497,0,0,0,0,0
517,517,1060,516,0,0,0,0,0
518,518,1061,704,0,0,0,0,0
519,519,1062,722,0,0,0,0,0
520,520,1063,373,0,0,0,0,0
521,521,1064,429,0,0,0,0,0
522,522,1065,713,0,0,0,0,0
523,523,1067,502,0,0,0,0,0
524,524,1068,318,0,0,0,0,0
525,525,1069,531,0,0,0,0,0
526,526,1070,0,0,175,0,0,0
527,527,1071,504,0,0,0,0,0
528,528,1073,394,0,0,0,0,0
529,529,1074,618,0,0,0,0,0
530,530,1075,383,0,0,0,0,0
531,531,1076,374,0,0,0,0,0
532,532,1077,405,0,0,0,0,0
533,533,1078,629,0,0,0,0,0
534,534,1079,547,0,0,0,0,0
535,535,1080,286,0,0,0,0,0
536,536,1081,432,0,0,0,0,0
537,537,1082,632,0,0,0,0,0
538,538,1083,0,863,0,0,0,0
539,539,1084,0,797,0,0,0,0
540,540,1085,0,961,0,0,0,0
541,541,1086,0,697,0,0,0,0
542,542,1087,0,801,0,0,0,0
543,543,1088,0,612,0,0,0,0
544,544,1089,0,266,0,0,0,0
545,545,1090,0,1034,0,0,0,0
546,546,1093,0,0,1382,0,0,0
547,547,1094,0,0,2002,0,0,0
548,548,1095,0,0,1443,0,0,0
549,549,1096,0,0,1660,0,0,0
550,550,1111,381,0,0,0,0,0
551,551,1112,329,0,0,0,0,0
552,552,1113,414,0,0,0,0,0
553,553,1114,432,0,0,0,0,0
554,554,1115,417,0,0,0,0,0
555,555,1116,396,0,0,0,0,0
556,556,1118,361,0,0,0,0,0
557,557,1119,312,0,0,0,0,0
558,558,1121,592,0,0,0,0,0
559,559,1124,478,0,0,0,0,0
560,560,1125,453,0,0,0,0,0
561,561,1127,417,0,0,0,0,0
562,562,1130,420,0,0,0,0,0
563,563,1131,370,0,0,0,0,0
564,564,1132,412,72,0,0,0,0
565,565,1133,314,0,0,0,0,0
566,566,1135,334,0,0,0,0,0
567,567,1138,464,0,0,0,0,0
568,568,1139,388,0,0,0,0,0
569,569,1140,356,0,0,0,0,0
570,570,1141,478,0,0,0,0,0
571,571,1143,0,360,0,0,0,0
572,572,1144,0,567,0,0,0,0
573,573,1145,0,680,0,0,0,0
574,574,1146,0,485,0,0,0,0
575,575,1147,0,542,0,0,0,0
576,576,1154,0,0,1771,0,0,0
577,577,1155,0,0,1972,0,0,0
578,578,1157,0,795,1717,0,0,0
579,579,1161,0,0,253,0,0,0
580,580,1186,438,0,0,0,0,0
581,581,1193,717,0,0,0,0,0
582,582,1195,462,0,0,0,0,0
583,583,1198,522,0,0,0,0,0
584,584,1200,537,0,0,0,0,0
585,585,1201,357,0,0,0,0,0
586,586,1204,0,650,0,0,0,0
587,587,1205,0,563,0,0,0,0
588,588,1206,0,806,0,0,0,0
589,589,1208,0,0,1186,0,0,0
590,590,1209,0,0,1133,0,0,0
591,591,1210,0,12,271,0,0,0
592,592,1224,375,0,0,0,0,0
593,593,1225,609,0,0,0,0,0
594,594,1226,366,0,0,0,0,0
595,595,1231,510,0,0,0,0,0
596,596,1232,488,0,0,0,0,0
597,597,1233,591,0,0,0,0,0
598,598,1234,633,0,0,0,0,0
599,599,1235,534,0,0,0,0,0
600,600,1236,604,0,0,0,0,0
601,601,1237,0,1080,0,0,0,0
602,602,1238,0,877,0,0,0,0
603,603,1248,0,0,2026,0,0,0
604,604,1249,0,0,2301,0,0,0
605,605,1250,0,0,276,0,0,0
606,606,1264,302,0,0,0,0,0
607,607,1266,320,0,0,0,0,0
608,608,1268,340,0,0,0,0,0
609,609,1269,527,0,0,0,0,0
610,610,1270,521,0,0,0,0,0
611,611,1271,0,1117,0,0,0,0
612,612,1272,0,0,1466,0,0,0
613,613,1278,322,0,0,0,0,0
614,614,1279,669,0,0,0,0,0
615,615,1280,244,0,0,0,0,0
616,616,1281,417,0,0,0,0,0
617,617,1282,323,0,0,0,0,0
618,618,1283,454,0,0,0,0,0
619,619,1284,433,0,0,0,0,0
620,620,1286,0,698,0,0,0,0
621,621,1288,0,619,0,0,0,0
622,622,1289,0,0,1360,0,0,0
623,623,5468,448,0,0,0,0,0
624,624,5470,488,0,0,0,0,0
625,625,5471,542,0,0,0,0,0
626,626,5472,914,0,0,0,0,0
627,627,5473,863,0,0,0,0,0
628,628,5474,723,0,0,0,0,0
629,629,5475,679,0,0,0,0,0
630,630,5476,0,262,0,0,0,0
631,631,5477,318,0,0,0,0,0
632,632,5492,0,0,0,156,91,102
633,633,5495,0,0,0,278,52,0
634,634,5497,0,0,0,0,0,82
635,635,10523,585,0,0,0,0,0
636,636,10525,769,0,0,0,0,0
637,637,10526,547,0,0,0,0,0
638,638,10527,0,0,0,0,47,46
639,639,10528,723,0,0,0,0,0
640,640,10530,489,0,0,0,0,0
641,641,20530,360,0,0,0,0,0
642,642,25531,411,0,0,0,0,0
643,643,35536,0,5,2,0,0,0
644,644,35537,0,0,0,154,26,0
645,645,35539,0,0,0,490,0,0
646,646,40544,0,699,0,0,0,0
647,647,45544,572,0,0,0,0,0
648,648,45545,693,0,0,0,0,0
649,649,45546,426,0,0,0,0,0
650,650,45548,784,0,0,0,0,0
651,651,45549,417,0,0,0,0,0
652,652,45550,507,0,0,0,0,0
653,653,50545,0,1052,0,0,0,0
654,654,50546,505,0,0,0,0,0
655,655,50547,975,0,0,0,0,0
656,656,55546,622,0,0,0,0,0
657,657,55547,327,0,0,0,0,0
658,658,60560,0,0,0,0,0,442
659,659,65561,0,1556,0,0,0,0
660,660,65562,623,0,0,0,0,0
661,661,65563,0,1329,0,0,0,0
662,662,65566,16,0,0,0,0,0
663,663,70564,429,0,0,0,0,0
664,664,70593,0,0,113,0,0,0
665,665,70596,0,1004,0,0,0,0
666,666,75575,838,0,0,0,0,0
667,667,105568,354,0,0,0,0,0
668,668,110569,0,0,0,0,415,0
669,669,110571,0,0,0,696,291,0
670,670,110574,0,0,0,671,376,194
671,671,110575,0,0,0,0,0,458
672,672,115570,105,0,0,0,0,0
673,673,125576,0,0,0,0,0,672
674,674,125577,0,0,0,361,0,0
675,675,125578,0,0,0,735,313,230
676,676,125580,0,0,0,0,0,366
677,677,125581,0,0,0,705,262,0
678,678,125582,0,0,0,204,103,79
679,679,130580,776,0,0,0,0,0
680,680,130581,723,0,0,0,0,0
681,681,130582,0,1594,0,0,0,0
682,682,130583,682,0,0,0,0,0
683,683,130584,694,0,0,0,0,0
684,684,130585,497,0,0,0,0,0
685,685,130586,480,0,0,0,0,0
686,686,130587,610,0,0,0,0,0
687,687,130588,0,727,0,0,0,0
688,688,130589,488,0,0,0,0,0
689,689,130590,463,0,0,0,0,0
690,690,135601,0,0,0,0,0,325
691,691,135602,0,0,0,71,0,0
692,692,160607,0,0,0,0,0,509
693,693,165609,0,0,0,574,337,0
694,694,165610,0,0,0,0,302,124
695,695,165611,0,0,0,520,0,0
696,696,165612,0,0,0,359,163,0
697,697,165614,0,0,0,557,126,0
698,698,165615,0,0,0,844,397,351
699,699,170609,0,0,0,332,43,0
700,700,175612,0,0,0,420,0,0
701,701,175613,790,0,0,0,0,0
702,702,175614,701,0,0,0,0,0
703,703,175615,0,1383,0,0,0,0
704,704,175616,0,1200,0,0,0,0
705,705,175617,515,0,0,0,0,0
706,706,175618,490,0,0,0,0,0
707,707,180611,485,0,0,0,0,0
708,708,180612,520,0,0,0,0,0
709,709,185612,552,0,0,0,0,0
710,710,185614,0,0,95,0,0,0
711,711,185679,0,847,0,0,0,0
712,712,185680,484,0,0,0,0,0
713,713,185681,406,0,0,0,0,0
714,714,185682,471,0,0,0,0,0
715,715,185683,603,0,0,0,0,0
716,716,185684,725,0,0,0,0,0
717,717,185685,0,1314,0,0,0,0
718,718,185686,0,0,0,520,0,0
719,719,185688,0,0,0,661,0,0
720,720,185692,0,0,0,0,180,173
721,721,185694,0,0,0,764,256,0
722,722,185700,0,0,0,645,97,0
723,723,185702,0,0,0,782,279,0
724,724,185710,711,0,0,0,0,0
725,725,185711,988,0,0,0,0,0
726,726,185712,702,0,0,0,0,0
727,727,185798,0,0,0,548,142,0
728,728,185800,0,0,0,1014,0,0
729,729,185802,0,0,0,499,105,0
730,730,185804,0,0,0,0,99,98
731,731,185807,636,0,0,0,0,0
732,732,185808,646,0,0,0,0,0
733,733,185811,0,951,0,0,0,0
734,734,185813,704,0,0,0,0,0
735,735,185814,563,0,0,0,0,0
736,736,185815,407,0,0,0,0,0
737,737,185816,535,0,0,0,0,0
738,738,185817,626,0,0,0,0,0
739,739,185818,0,722,0,0,0,0
740,740,185821,706,0,0,0,0,0
741,741,185823,663,0,0,0,0,0
742,742,185824,0,0,1600,0,0,0
743,743,185825,0,0,1898,0,0,0
744,744,185832,0,0,2331,0,0,0
745,745,185833,0,0,0,359,0,0
746,746,185835,0,0,0,0,350,304
747,747,185836,0,0,0,524,0,0
748,748,185837,0,0,0,292,0,0
749,749,185838,522,0,0,0,0,0
750,750,185842,0,0,0,224,0,0
751,751,185843,0,0,0,352,82,0
752,752,185844,0,0,2607,0,0,0
753,753,185845,565,0,0,0,0,0
754,754,185846,488,0,0,0,0,0
755,755,185847,0,0,0,235,44,0
756,756,185848,505,0,0,0,0,0
757,757,185850,759,0,0,0,0,0
758,758,185853,0,912,0,0,0,0
759,759,185854,0,653,0,0,0,0
760,760,185855,85,0,0,0,0,0
761,761,185866,0,0,0,604,133,0
762,762,185868,0,0,0,0,0,366
763,763,185870,0,0,0,0,220,233
764,764,185871,0,0,0,1047,559,434
765,765,185872,0,0,0,742,268,0
766,766,185873,0,0,0,0,109,178
767,767,185874,0,0,0,327,213,261
768,768,185880,424,0,0,0,0,0
769,769,185881,792,0,0,0,0,0
770,770,185982,674,0,0,0,0,0
771,771,186005,892,0,0,0,0,0
772,772,186007,488,0,0,0,0,0
773,773,186008,600,0,0,0,0,0
774,774,186031,0,0,0,548,151,0
775,775,186032,0,0,3155,0,0,0
776,776,186040,625,0,0,0,0,0
777,777,186041,693,0,0,0,0,0
778,778,186047,0,0,1241,0,0,0
779,779,186048,0,804,0,0,0,0
780,780,186049,217,61,0,0,0,0
781,781,186106,483,0,0,0,0,0
782,782,186110,0,0,0,731,292,0
783,783,186111,0,0,0,1032,374,0
784,784,186114,0,0,0,505,0,0
785,785,186115,0,0,0,784,331,0
786,786,186116,0,1125,0,0,0,0
787,787,186117,1057,0,0,0,0,0
788,788,186122,851,0,0,0,0,0
789,789,186123,485,0,0,0,0,0
790,790,186124,0,0,0,643,0,0
791,791,186128,380,0,0,0,0,0
792,792,186129,0,674,0,0,0,0
793,793,186130,246,0,0,0,0,0
794,794,186131,427,0,0,0,0,0
795,795,186132,0,614,0,0,0,0
796,796,186136,879,0,0,0,0,0
797,797,186137,571,0,0,0,0,0
798,798,186138,128,48,110,0,0,0
799,799,186149,0,0,2521,0,0,0
800,800,186152,0,0,29,0,0,0
801,801,186154,0,0,0,317,85,0
802,802,186155,0,0,0,162,0,0
803,803,186156,0,0,0,849,220,0
804,804,186157,0,0,0,351,71,0
805,805,186159,568,0,0,0,0,0
806,806,186160,0,957,0,0,0,0
807,807,186162,0,1689,0,0,0,0
808,808,186163,831,0,0,0,0,0
809,809,186164,836,0,0,0,0,0
810,810,186168,734,0,0,0,0,0
811,811,186169,701,0,0,0,0,0
812,812,186171,0,0,0,443,0,0
813,813,186176,0,0,63,0,0,0
814,814,186177,682,0,0,0,0,0
815,815,186180,1,0,13,0,0,0
816,816,186183,11,0,0,0,0,0
817,817,186184,0,0,1,0,0,0
818,818,186185,644,0,0,0,0,0
819,819,186243,0,0,0,670,585,305
820,820,186244,0,957,0,0,0,0
821,821,186245,675,0,0,0,0,0
822,822,186252,958,0,0,0,0,0
823,823,186253,1034,0,0,0,0,0
824,824,186254,0,0,0,257,0,0
825,825,186259,872,0,0,0,0,0
826,826,186261,28,19,112,0,0,0
827,827,186265,0,0,90,0,0,0
828,828,186275,0,0,0,370,298,0
829,829,186276,0,0,0,247,81,0
830,830,186278,0,0,0,367,78,0
831,831,186279,0,0,0,558,85,0
832,832,186281,0,0,3,0,0,0
833,833,186286,0,0,2437,0,0,0
834,834,186288,0,0,0,386,89,0
835,835,186292,0,0,160,0,0,0
836,836,186297,0,0,0,0,89,156
837,837,186299,0,0,0,576,0,0
838,838,186301,0,0,0,522,0,0
839,839,186303,0,0,0,195,70,36
840,840,186305,0,0,0,529,0,0
841,841,186313,0,0,0,0,0,98
842,842,186315,0,0,0,33,0,0
843,843,186317,0,0,0,1070,0,0
844,844,186325,649,0,0,0,0,0
845,845,186326,0,1094,0,0,0,0
846,846,186328,0,1793,0,0,0,0
847,847,186329,520,0,0,0,0,0
848,848,186343,0,0,0,0,0,148
849,849,186347,0,0,0,210,0,0
850,850,186352,0,0,0,299,86,0
851,851,186354,0,0,0,543,149,0
852,852,186356,0,0,0,369,82,0
853,853,186365,0,0,0,325,196,183
854,854,186366,0,0,0,547,215,0
855,855,186367,1111,0,0,0,0,0
856,856,186368,821,0,0,0,0,0
857,857,186370,0,0,0,0,351,246
858,858,186371,0,0,0,607,223,0
859,859,186373,0,0,0,360,136,101
860,860,186375,0,0,0,0,0,224
861,861,186376,0,0,0,0,491,228
862,862,186381,0,0,0,0,361,262
863,863,186384,176,0,0,0,0,0
864,864,186388,0,0,0,479,94,0
865,865,186389,0,0,0,0,0,314
866,866,186391,0,0,0,297,57,0
867,867,186394,548,0,0,0,0,0
868,868,186395,782,0,0,0,0,0
869,869,186409,869,0,0,0,0,0
870,870,186412,0,0,0,621,0,0
871,871,186413,0,0,0,730,0,0
872,872,186414,0,0,0,521,126,0
873,873,186417,0,70,300,0,0,0
874,874,186418,579,0,0,0,0,0
875,875,186420,0,0,0,720,0,0
876,876,186422,0,0,0,511,117,0
877,877,186424,0,0,0,536,148,0
878,878,186425,932,0,0,0,0,0
879,879,186426,0,114,2500,0,0,0
880,880,186430,0,0,0,0,200,174
881,881,186432,0,0,0,0,99,125
882,882,186433,0,0,0,505,0,0
883,883,186436,0,0,1894,0,0,0
884,884,186438,0,0,185,0,0,0
885,885,186443,438,0,0,0,0,0
886,886,186445,0,0,0,417,41,0
887,887,186446,0,0,0,0,169,188
888,888,186447,0,0,0,537,0,0
889,889,186448,656,0,0,0,0,0
890,890,186449,854,0,0,0,0,0
891,891,186450,741,0,0,0,0,0
892,892,186455,718,0,0,0,0,0
893,893,186456,63,28,21,0,0,0
894,894,186458,0,0,0,241,91,0
895,895,186462,0,0,0,445,44,0
896,896,186467,821,0,0,0,0,0
897,897,186471,721,0,0,0,0,0
898,898,186472,666,0,0,0,0,0
899,899,186473,0,0,1677,0,0,0
900,900,186475,0,0,0,269,68,0
901,901,186477,0,0,0,437,0,0
902,902,186480,0,0,0,441,129,0
903,903,186485,0,0,0,385,0,0
904,904,186487,0,0,0,426,0,0
905,905,186488,0,86,89,0,0,0
906,906,186491,0,0,0,0,0,397
907,907,186496,665,0,0,0,0,0
908,908,186497,675,0,0,0,0,0
909,909,186498,0,0,2746,0,0,0
910,910,186507,0,0,0,354,0,0
911,911,186510,732,0,0,0,0,0
912,912,186518,719,0,0,0,0,0
913,913,186520,0,1033,0,0,0,0
914,914,186521,537,0,0,0,0,0
915,915,186522,0,57,47,0,0,0
916,916,186523,55,0,0,0,0,0
917,917,186531,713,0,0,0,0,0
918,918,186532,831,0,0,0,0,0
919,919,186533,0,937,0,0,0,0
920,920,186534,0,1317,0,0,0,0
921,921,186535,0,0,2191,0,0,0
922,922,186536,0,0,3325,0,0,0
923,923,186538,901,0,0,0,0,0
924,924,186541,1074,0,0,0,0,0
925,925,186545,0,933,0,0,0,0
926,926,186547,0,0,24,0,0,0
927,927,186553,0,0,74,0,0,0
928,928,186564,602,0,0,0,0,0
929,929,186566,592,0,0,0,0,0
930,930,186569,448,0,0,0,0,0
931,931,186571,0,1226,0,0,0,0
932,932,186572,0,0,0,435,0,0
933,933,186573,0,0,0,442,0,0
934,934,186576,716,0,0,0,0,0
935,935,186577,0,1480,0,0,0,0
936,936,186580,0,0,0,558,0,0
937,937,186582,0,0,0,461,32,0
938,938,186583,0,497,0,0,0,0
939,939,186584,0,1035,0,0,0,0
940,940,186585,0,1074,0,0,0,0
941,941,186586,0,1196,0,0,0,0
942,942,186587,0,1038,0,0,0,0
943,943,186588,0,964,0,0,0,0
944,944,186590,824,0,0,0,0,0
945,945,186591,0,915,0,0,0,0
946,946,186592,0,0,1402,0,0,0
947,947,186600,902,0,0,0,0,0
948,948,186602,0,0,196,0,0,0
949,949,186606,869,0,0,0,0,0
950,950,186608,782,0,0,0,0,0
951,951,186609,595,0,0,0,0,0
952,952,186611,0,95,167,0,0,0
953,953,186618,0,0,1258,0,0,0
954,954,186620,0,0,0,412,0,0
955,955,186623,566,0,0,0,0,0
956,956,186624,0,0,0,567,135,0
957,957,186625,0,0,0,637,0,0
958,958,186633,28,61,146,0,0,0
959,959,186634,0,1678,0,0,0,0
960,960,186635,229,0,0,0,0,0
961,961,186636,0,133,0,0,0,0
962,962,186637,0,0,316,0,0,0
963,963,186644,549,0,0,0,0,0
964,964,186645,1044,0,0,0,0,0
965,965,186647,690,0,0,0,0,0
966,966,186649,670,0,0,0,0,0
967,967,186708,0,799,0,0,0,0
968,968,186710,475,0,0,0,0,0
969,969,186711,566,0,0,0,0,0
970,970,186718,774,0,0,0,0,0
971,971,186722,626,0,0,0,0,0
972,972,186734,0,0,1,0,0,0
973,973,186741,0,0,0,0,0,311
974,974,186777,0,0,0,733,133,0
975,975,186785,0,0,592,0,0,0
976,976,186786,1087,0,0,0,0,0
977,977,186788,0,0,0,234,0,0
978,978,186789,4,9,23,0,0,0
979,979,186790,0,0,0,0,0,599
980,980,186816,0,0,0,521,259,0
981,981,186822,0,0,0,167,42,0
982,982,186823,544,0,0,0,0,0
983,983,186836,144,17,0,0,0,0
984,984,186837,819,0,0,0,0,0
